{"payload":{"file_name":"c:\\ai_factory\\train.py","message_id":1},"type":"file_name"}
{"payload":{"additional_params":{"assetId":"e414fa4c091744ceae6fae7f64531c9c","context":null,"extension":"py","fileName":"c:\\ai_factory\\train.py","overwrite":false,"runId":"ghR6hTGrejkGai4Qp6xlcY9Ip","step":null,"type":"source_code"},"clean":true,"file_path":"tmprh2vxrgh","local_timestamp":1710052708365,"message_id":2,"metadata":{"source_code_type":"experiment_creation"},"upload_type":"source_code"},"type":"file_upload"}
{"payload":{"installed_packages":["absl-py==2.1.0","affine==2.4.0","aiobotocore==2.7.0","aiohttp==3.9.0","aioitertools==0.7.1","aiosignal==1.2.0","alabaster==0.7.12","alembic==1.13.1","anyio==3.5.0","appdirs==1.4.4","argon2-cffi==21.3.0","argon2-cffi-bindings==21.2.0","arrow==1.2.3","astroid==2.14.2","astropy==5.3.4","asttokens==2.0.5","astunparse==1.6.3","async-lru==2.0.4","async-timeout==4.0.3","atomicwrites==1.4.0","attrs==23.1.0","automat==20.2.0","autopep8==1.6.0","babel==2.11.0","backcall==0.2.0","bcrypt==3.2.0","beautifulsoup4==4.12.2","binaryornot==0.4.4","black==23.11.0","bleach==4.1.0","bokeh==3.3.0","botocore==1.31.64","bottleneck==1.3.5","brotli==1.0.9","cachetools==5.3.2","catboost==1.2.2","category-encoders==2.6.3","certifi==2023.11.17","cffi==1.16.0","chardet==4.0.0","charset-normalizer==2.0.4","click==8.1.7","click-plugins==1.1.1","cligj==0.7.2","cloudpickle==2.2.1","colorama==0.4.6","colorcet==3.0.1","colorlog==6.8.2","comet-ml==3.39.0","comm==0.1.2","configobj==5.0.8","constantly==23.10.4","contourpy==1.2.0","cookiecutter==2.5.0","cryptography==41.0.7","cssselect==1.1.0","cycler==0.11.0","cytoolz==0.12.2","daal4py==2023.1.1","dask==2023.11.0","datasets==2.12.0","datashader==0.16.0","debugpy==1.6.7","decorator==5.1.1","defusedxml==0.7.1","diff-match-patch==20200713","dill==0.3.6","distributed==2023.11.0","dm-tree==0.1.8","docstring-to-markdown==0.11","docutils==0.18.1","dulwich==0.21.7","entrypoints==0.4","et-xmlfile==1.1.0","everett==3.1.0","exceptiongroup==1.0.4","executing==0.8.3","fastjsonschema==2.16.2","filelock==3.13.1","flake8==6.0.0","flask==2.2.5","flatbuffers==24.3.7","fonttools==4.25.0","frozenlist==1.4.0","fsspec==2023.10.0","future==0.18.3","gast==0.4.0","gensim==4.3.0","gmpy2==2.1.2","google-auth==2.26.2","google-auth-oauthlib==1.2.0","google-pasta==0.2.0","graphviz==0.20.1","greenlet==3.0.1","grpcio==1.60.0","h5py==3.10.0","heapdict==1.0.1","holoviews==1.18.1","huggingface-hub==0.17.3","hvplot==0.9.1","hyperlink==21.0.0","hyperopt==0.2.7","idna==3.4","imagecodecs==2023.1.23","imageio==2.31.4","imagesize==1.4.1","imbalanced-learn==0.11.0","importlib-metadata==7.0.1","importlib-resources==6.1.1","impyute==0.0.8","incremental==21.3.0","inflection==0.5.1","iniconfig==1.1.1","intake==0.6.8","intervaltree==3.1.0","ipykernel==6.25.0","ipython==8.15.0","ipython-genutils==0.2.0","ipywidgets==8.0.4","isort==5.9.3","itemadapter==0.3.0","itemloaders==1.0.4","itsdangerous==2.0.1","jaraco.classes==3.2.1","jedi==0.18.1","jellyfish==1.0.1","jinja2==3.1.2","jmespath==1.0.1","joblib==1.2.0","json5==0.9.6","jsonschema==4.19.2","jsonschema-specifications==2023.7.1","jupyter==1.0.0","jupyter-client==8.6.0","jupyter-console==6.6.3","jupyter-core==5.5.0","jupyter-events==0.8.0","jupyter-lsp==2.2.0","jupyter-server==2.10.0","jupyter-server-terminals==0.4.4","jupyterlab==4.0.8","jupyterlab-pygments==0.1.2","jupyterlab-server==2.25.1","jupyterlab-widgets==3.0.9","kaleido==0.2.1","keras==2.15.0","keras-preprocessing==1.1.2","keras-tuner==1.4.6","keyring==23.13.1","kiwisolver==1.4.4","kt-legacy==1.0.5","lazy-object-proxy==1.6.0","libclang==16.0.6","lightgbm==4.3.0","linkify-it-py==2.0.0","llvmlite==0.41.0","lmdb==1.4.1","locket==1.0.0","lxml==4.9.3","lz4==4.3.2","mako==1.3.2","markdown==3.4.1","markdown-it-py==2.2.0","markupsafe==2.1.3","matplotlib==3.7.3","matplotlib-inline==0.1.6","mccabe==0.7.0","mdit-py-plugins==0.3.0","mdurl==0.1.0","menuinst==2.0.1","mistune==2.0.4","mkl-fft==1.3.8","mkl-random==1.2.4","mkl-service==2.4.0","ml-dtypes==0.2.0","more-itertools==10.1.0","mpmath==1.3.0","msgpack==1.0.3","multidict==6.0.4","multipledispatch==0.6.0","multiprocess==0.70.14","munkres==1.1.4","mypy-extensions==1.0.0","namex==0.0.7","nbclient==0.8.0","nbconvert==7.10.0","nbformat==5.9.2","nest-asyncio==1.5.6","networkx==3.1","nltk==3.8.1","notebook==7.0.6","notebook-shim==0.2.3","numba==0.58.1","numexpr==2.8.7","numpy==1.26.3","numpydoc==1.5.0","oauthlib==3.2.2","opencv-python==4.9.0.80","openpyxl==3.0.10","opt-einsum==3.3.0","optuna==3.5.0","overrides==7.4.0","packaging==23.1","pandas==2.1.4","pandocfilters==1.5.0","panel==1.3.1","param==2.0.1","paramiko==2.8.1","parsel==1.6.0","parso==0.8.3","partd==1.4.1","pathspec==0.10.3","patsy==0.5.3","pep8==1.7.1","pexpect==4.8.0","pickleshare==0.7.5","pillow==10.0.1","pip==23.3.1","platformdirs==3.10.0","plotly==5.9.0","pluggy==1.0.0","ply==3.11","prometheus-client==0.14.1","prompt-toolkit==3.0.43","protego==0.1.16","protobuf==4.25.3","psutil==5.9.0","ptyprocess==0.7.0","pure-eval==0.2.2","py-cpuinfo==9.0.0","py4j==0.10.9.7","pyarrow==11.0.0","pyasn1==0.4.8","pyasn1-modules==0.2.8","pycodestyle==2.10.0","pycparser==2.21","pyct==0.5.0","pycurl==7.45.2","pydispatcher==2.0.5","pydocstyle==6.3.0","pyerfa==2.0.0","pyflakes==3.0.1","pygments==2.15.1","pylint==2.16.2","pylint-venv==2.3.0","pyls-spyder==0.4.0","pynacl==1.5.0","pyodbc==5.0.1","pyopenssl==23.2.0","pyparsing==3.0.9","pyqt5==5.15.10","pyqt5-sip==12.13.0","pyqtwebengine==5.15.6","pysocks==1.7.1","pytest==7.4.0","python-box==6.1.0","python-dateutil==2.8.2","python-json-logger==2.0.7","python-lsp-black==1.2.1","python-lsp-jsonrpc==1.0.0","python-lsp-server==1.7.2","python-slugify==5.0.2","python-snappy==0.6.1","pytoolconfig==1.2.6","pytz==2023.3.post1","pyviz-comms==3.0.0","pywavelets==1.5.0","pywin32==305.1","pywin32-ctypes==0.2.0","pywinpty==2.0.10","pyyaml==6.0.1","pyzmq==25.1.2","qdarkstyle==3.0.2","qstylizer==0.2.2","qtawesome==1.2.2","qtconsole==5.4.2","qtpy==2.4.1","queuelib==1.6.2","rasterio==1.3.9","referencing==0.30.2","regex==2023.10.3","requests==2.31.0","requests-file==1.5.1","requests-oauthlib==1.3.1","requests-toolbelt==1.0.0","responses==0.13.3","rfc3339-validator==0.1.4","rfc3986-validator==0.1.1","rich==13.3.5","rope==1.7.0","rpds-py==0.10.6","rsa==4.9","rtree==1.0.1","s3fs==2023.10.0","safetensors==0.4.0","scikit-image==0.19.3","scikit-learn==1.1.3","scikit-learn-intelex==20230426.122314","scipy==1.11.4","scrapy==2.8.0","seaborn==0.12.2","semantic-version==2.10.0","send2trash==1.8.2","sentry-sdk==1.41.0","service-identity==18.1.0","setuptools==68.2.2","simplejson==3.19.2","sip==6.7.12","six==1.16.0","smart-open==5.2.1","sniffio==1.3.0","snowballstemmer==2.2.0","snuggs==1.4.7","sortedcontainers==2.4.0","soupsieve==2.5","sphinx==5.0.2","sphinxcontrib-applehelp==1.0.2","sphinxcontrib-devhelp==1.0.2","sphinxcontrib-htmlhelp==2.0.0","sphinxcontrib-jsmath==1.0.1","sphinxcontrib-qthelp==1.0.3","sphinxcontrib-serializinghtml==1.1.5","spyder==5.4.3","spyder-kernels==2.4.4","sqlalchemy==2.0.25","stack-data==0.2.0","statsmodels==0.14.0","sympy==1.12","tables==3.9.2","tabulate==0.9.0","tbb==0.2","tblib==1.7.0","tenacity==8.2.2","tensorboard==2.15.2","tensorboard-data-server==0.7.2","tensorboard-plugin-wit==1.8.1","tensorflow==2.15.0","tensorflow-estimator==2.15.0","tensorflow-gpu==2.9.0","tensorflow-hub==0.16.1","tensorflow-intel==2.15.0","tensorflow-io-gcs-filesystem==0.31.0","termcolor==2.4.0","terminado==0.17.1","text-unidecode==1.3","textdistance==4.2.1","tf-keras==2.16.0","threadpoolctl==2.2.0","three-merge==0.1.1","tifffile==2023.4.12","tinycss2==1.2.1","tldextract==3.2.0","tokenizers==0.13.3","toml==0.10.2","tomli==2.0.1","tomlkit==0.11.1","toolz==0.12.0","tornado==6.3.3","tqdm==4.65.0","traitlets==5.7.1","transformers==4.32.1","twisted==22.10.0","twisted-iocpsupport==1.0.2","typing-extensions==4.9.0","tzdata==2023.3","uc-micro-py==1.0.1","ujson==5.4.0","unidecode==1.2.0","urllib3==1.26.18","w3lib==1.21.0","watchdog==2.1.6","wcwidth==0.2.5","webencodings==0.5.1","websocket-client==0.58.0","werkzeug==2.2.3","whatthepatch==1.0.2","wheel==0.41.2","widgetsnbextension==4.0.5","win-inet-pton==1.1.0","wrapt==1.14.1","wurlitzer==3.0.3","xarray==2023.6.0","xgboost==2.0.3","xlwings==0.29.1","xxhash==2.0.2","xyzservices==2022.9.0","yapf==0.31.0","yarl==1.9.3","zict==3.0.0","zipp==3.17.0","zope.interface==5.4.0"],"message_id":3},"type":"installed_packages"}
{"payload":{"command":["c:\\ai_factory\\train.py"],"env":null,"hostname":"DESKTOP-4CA4LQU","ip":"192.168.219.114","machine":"AMD64","message_id":4,"os":"Windows-10-10.0.22621-SP0","os_release":"10","os_type":"Windows","pid":25884,"processor":"Intel64 Family 6 Model 183 Stepping 1, GenuineIntel","python_exe":"c:\\Users\\KONG\\anaconda3\\envs\\aia_v_env\\python.exe","python_version":"3.9.18","python_version_verbose":"3.9.18 (main, Sep 11 2023, 14:09:26) [MSC v.1916 64 bit (AMD64)]","user":"KONG"},"type":"system_details"}
{"payload":{"gpu_static_info":[{"gpu_index":0,"name":"NVIDIA GeForce RTX 4090","power_limit":450000,"total_memory":25757220864,"uuid":"GPU-6f8ea5fa-944d-cf88-4d7d-aea07be9b600"}],"message_id":5},"type":"gpu_static_info"}
{"payload":{"local_timestamp":1710052711438,"message_id":6,"metric":{"epoch":null,"metricName":"sys.gpu.0.total_memory","metricValue":25757220864,"step":null}},"type":"metric_msg"}
{"payload":{"local_timestamp":1710052711452,"message_id":7,"metric":{"epoch":null,"metricName":"sys.gpu.0.gpu_utilization","metricValue":1,"step":null}},"type":"metric_msg"}
{"payload":{"local_timestamp":1710052711452,"message_id":8,"metric":{"epoch":null,"metricName":"sys.gpu.0.power_usage","metricValue":23987,"step":null}},"type":"metric_msg"}
{"payload":{"local_timestamp":1710052711453,"message_id":9,"metric":{"epoch":null,"metricName":"sys.gpu.0.temperature","metricValue":39,"step":null}},"type":"metric_msg"}
{"payload":{"local_timestamp":1710052711453,"message_id":10,"metric":{"epoch":null,"metricName":"sys.gpu.0.memory_utilization","metricValue":10,"step":null}},"type":"metric_msg"}
{"payload":{"local_timestamp":1710052711453,"message_id":11,"metric":{"epoch":null,"metricName":"sys.gpu.0.free_memory","metricValue":24091459584,"step":null}},"type":"metric_msg"}
{"payload":{"local_timestamp":1710052711453,"message_id":12,"metric":{"epoch":null,"metricName":"sys.gpu.0.used_memory","metricValue":1665761280,"step":null}},"type":"metric_msg"}
{"payload":{"local_timestamp":1710052711453,"message_id":13,"metric":{"epoch":null,"metricName":"sys.gpu.0.percent.used_memory","metricValue":6.467162310698583,"step":null}},"type":"metric_msg"}
{"payload":{"git_metadata":{"branch":"refs/heads/main","origin":"https://github.com/AIKONG2024/competition_aifactory.git","parent":"b725d6d6fda57cd01efec75fec1e661dca516b14","repo_name":"competition_aifactory","root":"b725d6d6fda57cd01efec75fec1e661dca516b14","status":null,"user":"AIKONG2024"},"message_id":14},"type":"git_metadata"}
{"payload":{"additional_params":null,"clean":true,"file_path":"tmp2s1v91m1..zip","local_timestamp":1710052711465,"message_id":15,"metadata":{},"upload_type":"git-patch"},"type":"file_upload"}
{"payload":{"local_timestamp":1710052712021,"message_id":16,"metric":{"epoch":null,"metricName":"sys.cpu.percent.avg","metricValue":1.2550000000000003,"step":null}},"type":"metric_msg"}
{"payload":{"local_timestamp":1710052712021,"message_id":17,"metric":{"epoch":null,"metricName":"sys.compute.overall","metricValue":1.3,"step":null}},"type":"metric_msg"}
{"payload":{"local_timestamp":1710052712021,"message_id":18,"metric":{"epoch":null,"metricName":"sys.compute.utilized","metricValue":75.1,"step":null}},"type":"metric_msg"}
{"payload":{"local_timestamp":1710052712021,"message_id":19,"metric":{"epoch":null,"metricName":"sys.ram.total","metricValue":68550901760,"step":null}},"type":"metric_msg"}
{"payload":{"local_timestamp":1710052712021,"message_id":20,"metric":{"epoch":null,"metricName":"sys.ram.used","metricValue":15523753984,"step":null}},"type":"metric_msg"}
{"payload":{"local_timestamp":1710052712021,"message_id":21,"metric":{"epoch":null,"metricName":"sys.ram.available","metricValue":53027147776,"step":null}},"type":"metric_msg"}
{"payload":{"local_timestamp":1710052712021,"message_id":22,"metric":{"epoch":null,"metricName":"sys.ram.percent.used","metricValue":22.6,"step":null}},"type":"metric_msg"}
{"payload":{"local_timestamp":1710052712021,"message_id":23,"metric":{"epoch":null,"metricName":"sys.load.avg","metricValue":0.0,"step":null}},"type":"metric_msg"}
{"payload":{"local_timestamp":1710052712022,"message_id":24,"output":"\u001b[1;38;5;39mCOMET INFO:\u001b[0m Experiment is live on comet.com \u001b[38;5;39mhttps://www.comet.com/kooog/ai-factory-fire/65d301221a79407892477a0c692c2c02\u001b[0m\n\n","stderr":true},"type":"standard_output"}
{"payload":{"key":"Name","message_id":25,"value":"unet_20240310153824"},"type":"log_other"}
{"payload":{"local_timestamp":1710052712023,"message_id":26,"output":"WARNING:tensorflow:From c:\\ai_factory\\train.py:505: The name tf.ConfigProto is deprecated. Please use tf.compat.v1.ConfigProto instead.\n\n","stderr":true},"type":"standard_output"}
{"payload":{"additional_params":{"assetId":"07d9ad4d5ce8407190a6f26a547edf4d","context":null,"epoch":null,"extension":"yml","fileName":"conda-environment.yml","overwrite":false,"runId":"ghR6hTGrejkGai4Qp6xlcY9Ip","step":null,"type":"conda-environment-definition"},"clean":true,"file_path":"tmpp7myvyeg","local_timestamp":1710052717623,"message_id":27,"metadata":{},"upload_type":"conda-environment-definition"},"type":"file_upload"}
{"payload":{"additional_params":{"assetId":"520240da3886439da1359ac713953e23","context":null,"epoch":null,"extension":"txt","fileName":"conda-spec.txt","overwrite":false,"runId":"ghR6hTGrejkGai4Qp6xlcY9Ip","step":null,"type":"conda-specification"},"clean":true,"file_path":"tmppa8s6zuv","local_timestamp":1710052720629,"message_id":28,"metadata":{},"upload_type":"conda-specification"},"type":"file_upload"}
{"payload":{"additional_params":{"assetId":"bbd5691af3ce439987a7cc22de1f12d1","context":null,"epoch":null,"extension":"yml","fileName":"conda-info.yml","overwrite":false,"runId":"ghR6hTGrejkGai4Qp6xlcY9Ip","step":null,"type":"conda-info"},"clean":true,"file_path":"tmp0039yxx4","local_timestamp":1710052721732,"message_id":29,"metadata":{},"upload_type":"conda-info"},"type":"file_upload"}
{"payload":{"local_timestamp":1710052721295,"message_id":30,"output":"\u001b[1;38;5;39mCOMET INFO:\u001b[0m ---------------------------------------------------------------------------------------\n","stderr":true},"type":"standard_output"}
{"payload":{"local_timestamp":1710052721295,"message_id":31,"output":"\u001b[1;38;5;39mCOMET INFO:\u001b[0m Comet.ml Experiment Summary\n","stderr":true},"type":"standard_output"}
{"payload":{"local_timestamp":1710052721295,"message_id":32,"output":"\u001b[1;38;5;39mCOMET INFO:\u001b[0m ---------------------------------------------------------------------------------------\n","stderr":true},"type":"standard_output"}
{"payload":{"local_timestamp":1710052721295,"message_id":33,"output":"\u001b[1;38;5;39mCOMET INFO:\u001b[0m   Data:\n","stderr":true},"type":"standard_output"}
{"payload":{"local_timestamp":1710052721295,"message_id":34,"output":"\u001b[1;38;5;39mCOMET INFO:\u001b[0m     display_summary_level : 1\n","stderr":true},"type":"standard_output"}
{"payload":{"local_timestamp":1710052721296,"message_id":35,"output":"\u001b[1;38;5;39mCOMET INFO:\u001b[0m     url                   : \u001b[38;5;39mhttps://www.comet.com/kooog/ai-factory-fire/65d301221a79407892477a0c692c2c02\u001b[0m\n","stderr":true},"type":"standard_output"}
{"payload":{"local_timestamp":1710052721296,"message_id":36,"output":"\u001b[1;38;5;39mCOMET INFO:\u001b[0m   Others:\n","stderr":true},"type":"standard_output"}
{"payload":{"local_timestamp":1710052721296,"message_id":37,"output":"\u001b[1;38;5;39mCOMET INFO:\u001b[0m     Name : unet_20240310153824\n","stderr":true},"type":"standard_output"}
{"payload":{"local_timestamp":1710052721296,"message_id":38,"output":"\u001b[1;38;5;39mCOMET INFO:\u001b[0m   Uploads:\n","stderr":true},"type":"standard_output"}
{"payload":{"local_timestamp":1710052721297,"message_id":39,"output":"\u001b[1;38;5;39mCOMET INFO:\u001b[0m     conda-environment-definition : 1\n","stderr":true},"type":"standard_output"}
{"payload":{"local_timestamp":1710052721297,"message_id":40,"output":"\u001b[1;38;5;39mCOMET INFO:\u001b[0m     conda-info                   : 1\n","stderr":true},"type":"standard_output"}
{"payload":{"local_timestamp":1710052721297,"message_id":41,"output":"\u001b[1;38;5;39mCOMET INFO:\u001b[0m     conda-specification          : 1\n","stderr":true},"type":"standard_output"}
{"payload":{"local_timestamp":1710052721297,"message_id":42,"output":"\u001b[1;38;5;39mCOMET INFO:\u001b[0m     environment details          : 1\n","stderr":true},"type":"standard_output"}
{"payload":{"local_timestamp":1710052721297,"message_id":43,"output":"\u001b[1;38;5;39mCOMET INFO:\u001b[0m     filename                     : 1\n","stderr":true},"type":"standard_output"}
{"payload":{"local_timestamp":1710052721297,"message_id":44,"output":"\u001b[1;38;5;39mCOMET INFO:\u001b[0m     git metadata                 : 1\n","stderr":true},"type":"standard_output"}
{"payload":{"local_timestamp":1710052721297,"message_id":45,"output":"\u001b[1;38;5;39mCOMET INFO:\u001b[0m     git-patch (uncompressed)     : 1 (14.51 KB)\n","stderr":true},"type":"standard_output"}
{"payload":{"local_timestamp":1710052721298,"message_id":46,"output":"\u001b[1;38;5;39mCOMET INFO:\u001b[0m     installed packages           : 1\n","stderr":true},"type":"standard_output"}
{"payload":{"local_timestamp":1710052721298,"message_id":47,"output":"\u001b[1;38;5;39mCOMET INFO:\u001b[0m     source_code                  : 1 (21.26 KB)\n","stderr":true},"type":"standard_output"}
{"payload":{"local_timestamp":1710052721298,"message_id":48,"output":"\u001b[1;38;5;39mCOMET INFO:\u001b[0m \n","stderr":true},"type":"standard_output"}
{"payload":{"local_timestamp":1710052721608,"message_id":49,"output":"\u001b[1;38;5;214mCOMET WARNING:\u001b[0m To get all data logged automatically, import comet_ml before the following modules: tensorboard, sklearn, keras, tensorflow.\n","stderr":true},"type":"standard_output"}
{"payload":{"key":"sys.already_imported_modules","message_id":50,"value":"[\"tensorboard\", \"sklearn\", \"keras\", \"tensorflow\"]"},"type":"log_other"}
